timestamp_ms,sample_seq,ecg_raw,ecg_cleaned,ppg_dc_ir,ecg_bpm,spo2_pct,pitch_deg,roll_deg,motion_g,signal_quality
1790983986402,1,2326.0,240.66240072189376,32000.0,79.8,98.0,-1.6,-0.3,1.08,GOOD
1790983986402,2,2144.0,219.5030714290766,32000.0,79.8,98.0,-1.6,-0.3,1.08,GOOD
1790983986402,3,2136.0,174.09659519354108,32000.0,79.8,98.0,-1.6,-0.3,1.08,GOOD
1790983986402,4,2137.0,115.09631586693494,32000.0,79.8,98.0,-1.6,-0.3,1.08,GOOD
1790983986402,5,2135.0,64.50810511489175,32000.0,79.8,98.0,-1.6,-0.3,1.08,GOOD
1790983986402,6,2045.0,25.873449137545983,32000.0,79.8,98.0,-1.6,-0.3,1.08,GOOD
1790983986402,7,2030.0,-12.569825262953357,32000.0,79.8,98.0,-1.6,-0.3,1.08,GOOD
1790983986402,8,2018.0,-49.636428972610595,32000.0,79.8,98.0,-1.6,-0.3,1.08,GOOD
1790983986402,9,2003.0,-72.87171262569211,32000.0,79.8,98.0,-1.6,-0.3,1.08,GOOD
1790983986402,10,2019.0,-82.61471577969931,32000.0,79.8,98.0,-1.6,-0.3,1.08,GOOD
1790983986402,11,2007.0,-91.26481796252286,32000.0,79.8,98.0,-1.6,-0.3,1.08,GOOD
1790983986402,12,2005.0,-103.42581903794128,32000.0,79.8,98.0,-1.6,-0.3,1.08,GOOD
1790983986402,13,2001.0,-110.40781685261697,32000.0,79.8,98.0,-1.6,-0.3,1.08,GOOD
1790983986402,14,2036.0,-103.44340492801058,32000.0,79.8,98.0,-1.6,-0.3,1.08,GOOD
1790983986402,15,2035.0,-86.98008330387407,32000.0,79.8,98.0,-1.6,-0.3,1.08,GOOD
1790983986402,16,2038.0,-74.89150280172996,32000.0,79.8,98.0,-1.6,-0.3,1.08,GOOD
1790983986402,17,2040.0,-72.9344602276665,32000.0,79.8,98.0,-1.6,-0.3,1.08,GOOD
1790983986402,18,1911.0,-77.00967666998008,32000.0,79.8,98.0,-1.6,-0.3,1.08,GOOD
1790983986402,19,1923.0,-89.44663503073645,32000.0,79.8,98.0,-1.6,-0.3,1.08,GOOD
1790983986402,20,1926.0,-115.36193795653216,32000.0,79.8,98.0,-1.6,-0.3,1.08,GOOD
1790983986402,21,1909.0,-150.05566019797408,32000.0,79.8,98.0,-1.6,-0.3,1.08,GOOD
1790983986402,22,1921.0,-181.41775363817652,32000.0,79.8,98.0,-1.6,-0.3,1.08,GOOD
1790983986402,23,1930.0,-194.69122678276204,32000.0,79.8,98.0,-1.6,-0.3,1.08,GOOD
1790983986402,24,1937.0,-183.2259000634632,32000.0,79.8,98.0,-1.6,-0.3,1.08,GOOD
1790983986402,25,1972.0,-157.92970331264195,32000.0,79.8,98.0,-1.6,-0.3,1.08,GOOD
1790983986403,26,1951.0,-136.92761048434687,32000.0,79.8,98.0,-1.6,-0.3,1.08,GOOD
1790983986403,27,1943.0,-129.2263648941635,32000.0,79.8,98.0,-1.6,-0.3,1.08,GOOD
1790983986403,28,1936.0,-129.8294701570999,32000.0,79.8,98.0,-1.6,-0.3,1.08,GOOD
1790983986403,29,2009.0,-126.61084028312531,32000.0,79.8,98.0,-1.6,-0.3,1.08,GOOD
1790983986403,30,1973.0,-114.20918856716044,32000.0,79.8,98.0,-1.6,-0.3,1.08,GOOD
1790983986403,31,1972.0,-101.73205976844224,32000.0,79.8,98.0,-1.6,-0.3,1.08,GOOD
1790983986403,32,1987.0,-97.74900204875144,32000.0,79.8,98.0,-1.6,-0.3,1.08,GOOD
1790983986403,33,2006.0,-94.85940983888709,32000.0,79.8,98.0,-1.6,-0.3,1.08,GOOD
1790983986403,34,2019.0,-82.87989404328633,32000.0,79.8,98.0,-1.6,-0.3,1.08,GOOD
1790983986403,35,2020.0,-65.53707847114823,32000.0,79.8,98.0,-1.6,-0.3,1.08,GOOD
1790983986403,36,2020.0,-53.824703357749485,32000.0,79.8,98.0,-1.6,-0.3,1.08,GOOD
1790983986403,37,1939.0,-53.66412587498888,32000.0,79.8,98.0,-1.6,-0.3,1.08,GOOD
1790983986403,38,1945.0,-65.01071004058929,32000.0,79.8,98.0,-1.6,-0.3,1.08,GOOD
1790983986403,39,1953.0,-82.83351315094689,32000.0,79.8,98.0,-1.6,-0.3,1.08,GOOD
1790983986403,40,1940.0,-100.69723509231702,32000.0,79.8,98.0,-1.6,-0.3,1.08,GOOD
1790983986403,41,1903.0,-117.7225694186931,32000.0,79.8,98.0,-1.6,-0.3,1.08,GOOD
1790983986403,42,1915.0,-133.71633368567012,32000.0,79.8,98.0,-1.6,-0.3,1.08,GOOD
1790983986403,43,1916.0,-142.3930518802022,32000.0,79.8,98.0,-1.6,-0.3,1.08,GOOD
1790983986403,44,1910.0,-140.57747279810093,32000.0,79.8,98.0,-1.6,-0.3,1.08,GOOD
1790983986403,45,1969.0,-133.7261398792855,32000.0,79.8,98.0,-1.6,-0.3,1.08,GOOD
1790983986403,46,1964.0,-124.81162029579168,32000.0,79.8,98.0,-1.6,-0.3,1.08,GOOD
1790983986403,47,1961.0,-111.46119940577381,32000.0,79.8,98.0,-1.6,-0.3,1.08,GOOD
1790983986403,48,1951.0,-94.44554447071802,32000.0,79.8,98.0,-1.6,-0.3,1.08,GOOD
1790983986403,49,2057.0,-75.9063821643483,32000.0,79.8,98.0,-1.6,-0.3,1.08,GOOD
1790983986403,50,2047.0,-54.21814810166974,32000.0,79.8,98.0,-1.6,-0.3,1.08,GOOD
1790983986514,51,2054.0,-30.472573749795178,32000.0,79.8,98.0,-1.6,-0.3,1.08,GOOD
1790983986514,52,2067.0,-8.837698757505727,32000.0,79.8,98.0,-1.6,-0.3,1.08,GOOD
1790983986514,53,2043.0,9.883555456230635,32000.0,79.8,98.0,-1.6,-0.3,1.08,GOOD
1790983986514,54,2034.0,22.046544270216742,32000.0,79.8,98.0,-1.6,-0.3,1.08,GOOD
1790983986514,55,1995.0,18.689127659108415,32000.0,79.8,98.0,-1.6,-0.3,1.08,GOOD
1790983986514,56,2000.0,-2.42782741790577,32000.0,79.8,98.0,-1.6,-0.3,1.08,GOOD
1790983986514,57,1940.0,-31.404192674313762,32000.0,79.8,98.0,-1.6,-0.3,1.08,GOOD
1790983986514,58,1971.0,-55.96217747540815,32000.0,79.8,98.0,-1.6,-0.3,1.08,GOOD
1790983986514,59,1965.0,-70.12419700140497,32000.0,79.8,98.0,-1.6,-0.3,1.08,GOOD
1790983986514,60,1962.0,-75.73344958231681,32000.0,79.8,98.0,-1.6,-0.3,1.08,GOOD
1790983986514,61,1894.0,-80.98341934314618,32000.0,79.8,98.0,-1.6,-0.3,1.08,GOOD
1790983986514,62,1908.0,-92.16965505207527,32000.0,79.8,98.0,-1.6,-0.3,1.08,GOOD
1790983986514,63,1910.0,-105.7294553254852,32000.0,79.8,98.0,-1.6,-0.3,1.08,GOOD
1790983986514,64,1898.0,-115.46083265969222,32000.0,79.8,98.0,-1.6,-0.3,1.08,GOOD
1790983986514,65,1919.0,-121.75705871515277,32000.0,79.8,98.0,-1.6,-0.3,1.08,GOOD
1790983986514,66,1924.0,-124.69038884429223,32000.0,79.8,98.0,-1.6,-0.3,1.08,GOOD
1790983986514,67,1935.0,-119.41606678720467,32000.0,79.8,98.0,-1.6,-0.3,1.08,GOOD
1790983986514,68,1934.0,-104.74853498503562,32000.0,79.8,98.0,-1.6,-0.3,1.08,GOOD
1790983986514,69,2047.0,-83.77920164900684,32000.0,79.8,98.0,-1.6,-0.3,1.08,GOOD
1790983986514,70,2035.0,-56.49068565464851,32000.0,79.8,98.0,-1.6,-0.3,1.08,GOOD
1790983986514,71,2038.0,-24.755449010260534,32000.0,79.8,98.0,-1.6,-0.3,1.08,GOOD
1790983986514,72,2047.0,4.519603659403494,32000.0,79.8,98.0,-1.6,-0.3,1.08,GOOD
1790983986514,73,2048.0,26.80167752827228,32000.0,79.8,98.0,-1.6,-0.3,1.08,GOOD
1790983986514,74,2044.0,39.01266940750785,32000.0,79.8,98.0,-1.6,-0.3,1.08,GOOD
1790983986514,75,2043.0,38.372688450452785,32000.0,79.8,98.0,-1.6,-0.3,1.08,GOOD
1790983986613,76,2056.0,29.4499559936624,32000.0,79.8,98.0,-1.6,-0.3,1.08,GOOD
1790983986613,77,2013.0,22.053376130589452,32000.0,79.8,98.0,-1.6,-0.3,1.08,GOOD
1790983986613,78,2018.0,19.02178145429031,32000.0,79.8,98.0,-1.6,-0.3,1.08,GOOD
1790983986613,79,2005.0,14.824758690148439,32000.0,79.8,98.0,-1.6,-0.3,1.08,GOOD
1790983986613,80,1997.0,4.651482150291316,32000.0,79.8,98.0,-1.6,-0.3,1.08,GOOD
1790983986613,81,1920.0,-12.777236691920976,32000.0,79.8,98.0,-1.6,-0.3,1.08,GOOD
1790983986613,82,1941.0,-35.82419288263068,32000.0,79.8,98.0,-1.6,-0.3,1.08,GOOD
1790983986613,83,1942.0,-57.528383648875696,32000.0,79.8,98.0,-1.6,-0.3,1.08,GOOD
1790983986613,84,1929.0,-71.54358415897815,32000.0,79.8,98.0,-1.6,-0.3,1.08,GOOD
1790983986613,85,1905.0,-80.73097433892804,32000.0,79.8,98.0,-1.6,-0.3,1.08,GOOD
1790983986613,86,1913.0,-89.66965302805927,32000.0,79.8,98.0,-1.6,-0.3,1.08,GOOD
1790983986613,87,1927.0,-94.99556039828094,32000.0,79.8,98.0,-1.6,-0.3,1.08,GOOD
1790983986613,88,1927.0,-92.01740554426362,32000.0,79.8,98.0,-1.6,-0.3,1.08,GOOD
1790983986613,89,2078.0,-78.35598325344313,32000.0,79.8,98.0,-1.6,-0.3,1.08,GOOD
1790983986613,90,2055.0,-48.7740116321574,32000.0,79.8,98.0,-1.6,-0.3,1.08,GOOD
1790983986613,91,2064.0,-5.316452363665223,32000.0,79.8,98.0,-1.6,-0.3,1.08,GOOD
1790983986613,92,2078.0,38.1920983387222,32000.0,79.8,98.0,-1.6,-0.3,1.08,GOOD
1790983986613,93,2133.0,72.31776966864447,32000.0,79.8,98.0,-1.6,-0.3,1.08,GOOD
1790983986613,94,2108.0,95.2843347944013,32000.0,79.8,98.0,-1.6,-0.3,1.08,GOOD
1790983986613,95,2105.0,104.88549605657471,32000.0,79.8,98.0,-1.6,-0.3,1.08,GOOD
1790983986613,96,2121.0,103.34499596360592,32000.0,79.8,98.0,-1.6,-0.3,1.08,GOOD
1790983986613,97,2046.0,98.40162564809995,32000.0,79.8,98.0,-1.6,-0.3,1.08,GOOD
1790983986613,98,2049.0,89.91574192124386,32000.0,79.8,98.0,-1.6,-0.3,1.08,GOOD
1790983986613,99,2029.0,71.63177194073229,32000.0,79.8,98.0,-1.6,-0.3,1.08,GOOD
1790983986613,100,1968.0,42.52700534024874,32000.0,79.8,98.0,-1.6,-0.3,1.08,GOOD
1790983986734,101,1997.0,8.655460308395856,32000.0,80.5,98.0,-1.7,-0.3,1.07,GOOD
1790983986734,102,2018.0,-16.213719696630534,32000.0,80.5,98.0,-1.7,-0.3,1.07,GOOD
1790983986734,103,2022.0,-20.974088052346005,32000.0,80.5,98.0,-1.7,-0.3,1.07,GOOD
1790983986734,104,1951.0,-13.64334057637918,32000.0,80.5,98.0,-1.7,-0.3,1.07,GOOD
1790983986734,105,1934.0,-14.359129599625472,32000.0,80.5,98.0,-1.7,-0.3,1.07,GOOD
1790983986734,106,1944.0,-30.404002999302406,32000.0,80.5,98.0,-1.7,-0.3,1.07,GOOD
1790983986734,107,1958.0,-49.88736738159278,32000.0,80.5,98.0,-1.7,-0.3,1.07,GOOD
1790983986734,108,2051.0,-56.95328168103934,32000.0,80.5,98.0,-1.7,-0.3,1.07,GOOD
1790983986734,109,2027.0,-43.823166910286716,32000.0,80.5,98.0,-1.7,-0.3,1.07,GOOD
1790983986734,110,2028.0,-16.39648471827747,32000.0,80.5,98.0,-1.7,-0.3,1.07,GOOD
1790983986734,111,2030.0,11.746807908552242,32000.0,80.5,98.0,-1.7,-0.3,1.07,GOOD
1790983986734,112,2076.0,33.190644927671066,32000.0,80.5,98.0,-1.7,-0.3,1.07,GOOD
1790983986734,113,2069.0,47.43282897192426,32000.0,80.5,98.0,-1.7,-0.3,1.07,GOOD
1790983986734,114,2033.0,52.72918500547755,32000.0,80.5,98.0,-1.7,-0.3,1.07,GOOD
1790983986734,115,2048.0,48.29950989989467,32000.0,80.5,98.0,-1.7,-0.3,1.07,GOOD
1790983986734,116,2028.0,40.800689947981276,32000.0,80.5,98.0,-1.7,-0.3,1.07,GOOD
1790983986734,117,2047.0,36.718656055499004,32000.0,80.5,98.0,-1.7,-0.3,1.07,GOOD
1790983986734,118,2032.0,34.02463115718232,32000.0,80.5,98.0,-1.7,-0.3,1.07,GOOD
1790983986734,119,2025.0,27.892394404102443,32000.0,80.5,98.0,-1.7,-0.3,1.07,GOOD
1790983986734,120,2001.0,18.54553105800864,32000.0,80.5,98.0,-1.7,-0.3,1.07,GOOD
1790983986734,121,2032.0,11.572982897237777,32000.0,80.5,98.0,-1.7,-0.3,1.07,GOOD
1790983986734,122,2047.0,12.077865875636014,32000.0,80.5,98.0,-1.7,-0.3,1.07,GOOD
1790983986734,123,2047.0,18.40042194170052,32000.0,80.5,98.0,-1.7,-0.3,1.07,GOOD
1790983986734,124,2603.0,46.30236108319642,32000.0,80.5,98.0,-1.7,-0.3,1.07,GOOD
1790983986734,125,2592.0,142.70100016697066,32000.0,80.5,98.0,-1.7,-0.3,1.07,GOOD
1790983986821,126,2621.0,313.18372445425,32000.0,80.5,98.0,-1.7,-0.2,1.08,GOOD
1790983986821,127,2644.0,490.16485999205463,32000.0,80.5,98.0,-1.7,-0.2,1.08,GOOD
1790983986821,128,2110.0,587.990857634373,32000.0,80.5,98.0,-1.7,-0.2,1.08,GOOD
1790983986821,129,2040.0,538.8696305435524,32000.0,80.5,98.0,-1.7,-0.2,1.08,GOOD
1790983986821,130,1990.0,348.5734919748705,32000.0,80.5,98.0,-1.7,-0.2,1.08,GOOD
1790983986821,131,1979.0,114.15365650805354,32000.0,80.5,98.0,-1.7,-0.2,1.08,GOOD
1790983986821,132,1798.0,-69.77034021494438,32000.0,80.5,98.0,-1.7,-0.2,1.08,GOOD
1790983986821,133,1802.0,-177.34191754423335,32000.0,80.5,98.0,-1.7,-0.2,1.08,GOOD
1790983986821,134,1785.0,-225.51602122142256,32000.0,80.5,98.0,-1.7,-0.2,1.08,GOOD
1790983986821,135,1760.0,-240.6559511544254,32000.0,80.5,98.0,-1.7,-0.2,1.08,GOOD
1790983986821,136,2096.0,-236.75784774026718,32000.0,80.5,98.0,-1.7,-0.2,1.08,GOOD
1790983986821,137,2132.0,-195.24649847375804,32000.0,80.5,98.0,-1.7,-0.2,1.08,GOOD
1790983986821,138,2151.0,-101.0009475257202,32000.0,80.5,98.0,-1.7,-0.2,1.08,GOOD
1790983986821,139,2135.0,16.923076663047524,32000.0,80.5,98.0,-1.7,-0.2,1.08,GOOD
1790983986821,140,1985.0,104.77235762281151,32000.0,80.5,98.0,-1.7,-0.2,1.08,GOOD
1790983986821,141,1994.0,119.52427752689076,32000.0,80.5,98.0,-1.7,-0.2,1.08,GOOD
1790983986821,142,2025.0,64.06141233456216,32000.0,80.5,98.0,-1.7,-0.2,1.08,GOOD
1790983986821,143,2043.0,-9.31800766862583,32000.0,80.5,98.0,-1.7,-0.2,1.08,GOOD
1790983986821,144,2003.0,-49.3360086698424,32000.0,80.5,98.0,-1.7,-0.2,1.08,GOOD
1790983986821,145,1990.0,-47.81930705073677,32000.0,80.5,98.0,-1.7,-0.2,1.08,GOOD
1790983986821,146,1995.0,-30.926051147411293,32000.0,80.5,98.0,-1.7,-0.2,1.08,GOOD
1790983986821,147,2016.0,-24.02565189246737,32000.0,80.5,98.0,-1.7,-0.2,1.08,GOOD
1790983986821,148,2010.0,-30.3269418851359,32000.0,80.5,98.0,-1.7,-0.2,1.08,GOOD
1790983986821,149,1996.0,-37.30930116906363,32000.0,80.5,98.0,-1.7,-0.2,1.08,GOOD
1790983986821,150,1979.0,-36.24818526030596,32000.0,80.5,98.0,-1.7,-0.2,1.08,GOOD
1790983986931,151,1980.0,-32.22697232705441,32000.0,80.5,98.0,-1.7,-0.2,1.07,GOOD
1790983986931,152,2134.0,-29.76463739565707,32000.0,80.5,98.0,-1.7,-0.2,1.07,GOOD
1790983986931,153,2131.0,-17.004715301279468,32000.0,80.5,98.0,-1.7,-0.2,1.07,GOOD
1790983986931,154,2123.0,16.52070422197233,32000.0,80.5,98.0,-1.7,-0.2,1.07,GOOD
1790983986931,155,2114.0,60.677893555262536,32000.0,80.5,98.0,-1.7,-0.2,1.07,GOOD
1790983986931,156,2179.0,98.06145638659274,32000.0,80.5,98.0,-1.7,-0.2,1.07,GOOD
1790983986931,157,2188.0,120.23745785099021,32000.0,80.5,98.0,-1.7,-0.2,1.07,GOOD
1790983986931,158,2201.0,128.38671221570166,32000.0,80.5,98.0,-1.7,-0.2,1.07,GOOD
1790983986931,159,2201.0,131.11031826382558,32000.0,80.5,98.0,-1.7,-0.2,1.07,GOOD
1790983986931,160,2116.0,135.87608614130295,32000.0,80.5,98.0,-1.7,-0.2,1.07,GOOD
1790983986931,161,2123.0,136.32066681697688,32000.0,80.5,98.0,-1.7,-0.2,1.07,GOOD
1790983986931,162,2135.0,121.54352211266192,32000.0,80.5,98.0,-1.7,-0.2,1.07,GOOD
1790983986931,163,2145.0,94.54928270236711,32000.0,80.5,98.0,-1.7,-0.2,1.07,GOOD
1790983986931,164,2104.0,69.41830781424154,32000.0,80.5,98.0,-1.7,-0.2,1.07,GOOD
1790983986931,165,2103.0,56.98449277866716,32000.0,80.5,98.0,-1.7,-0.2,1.07,GOOD
1790983986931,166,2101.0,57.03207771319177,32000.0,80.5,98.0,-1.7,-0.2,1.07,GOOD
1790983986931,167,2102.0,59.223894138800674,32000.0,80.5,98.0,-1.7,-0.2,1.07,GOOD
1790983986931,168,2215.0,57.30781994922833,32000.0,80.5,98.0,-1.7,-0.2,1.07,GOOD
1790983986931,169,2202.0,62.34243654377923,32000.0,80.5,98.0,-1.7,-0.2,1.07,GOOD
1790983986931,170,2197.0,85.87455278347184,32000.0,80.5,98.0,-1.7,-0.2,1.07,GOOD
1790983986931,171,2195.0,119.83085984209653,32000.0,80.5,98.0,-1.7,-0.2,1.07,GOOD
1790983986931,172,2339.0,150.5952982675828,32000.0,80.5,98.0,-1.7,-0.2,1.07,GOOD
1790983986931,173,2340.0,177.768080403405,32000.0,80.5,98.0,-1.7,-0.2,1.07,GOOD
1790983986931,174,2340.0,205.40036220823202,32000.0,80.5,98.0,-1.7,-0.2,1.07,GOOD
1790983986931,175,2341.0,232.28188666316703,32000.0,80.5,98.0,-1.7,-0.2,1.07,GOOD
1790983987031,176,2391.0,257.9862873668399,32000.0,80.5,98.0,-1.7,-0.2,1.07,GOOD
1790983987031,177,2386.0,280.8229835735923,32000.0,80.5,98.0,-1.7,-0.2,1.07,GOOD
1790983987031,178,2387.0,292.07799807679066,32000.0,80.5,98.0,-1.7,-0.2,1.07,GOOD
1790983987031,179,2386.0,287.24069831049303,32000.0,80.5,98.0,-1.7,-0.2,1.07,GOOD
1790983987031,180,2312.0,273.85363638715114,32000.0,80.5,98.0,-1.7,-0.2,1.07,GOOD
1790983987031,181,2314.0,258.5780590674161,32000.0,80.5,98.0,-1.7,-0.2,1.07,GOOD
1790983987031,182,2314.0,239.9268278074166,32000.0,80.5,98.0,-1.7,-0.2,1.07,GOOD
1790983987031,183,2316.0,215.6069865318594,32000.0,80.5,98.0,-1.7,-0.2,1.07,GOOD
1790983987031,184,2141.0,182.65796269687087,32000.0,80.5,98.0,-1.7,-0.2,1.07,GOOD
1790983987031,185,2144.0,136.80263282823495,32000.0,80.5,98.0,-1.7,-0.2,1.07,GOOD
1790983987031,186,2137.0,84.99165738427733,32000.0,80.5,98.0,-1.7,-0.2,1.07,GOOD
1790983987031,187,2126.0,41.32833943447798,32000.0,80.5,98.0,-1.7,-0.2,1.07,GOOD
1790983987031,188,2026.0,4.394936878348347,32000.0,80.5,98.0,-1.7,-0.2,1.07,GOOD
1790983987031,189,2028.0,-36.613205817106476,32000.0,80.5,98.0,-1.7,-0.2,1.07,GOOD
1790983987031,190,2019.0,-76.41959832812672,32000.0,80.5,98.0,-1.7,-0.2,1.07,GOOD
1790983987031,191,2006.0,-100.15263568540877,32000.0,80.5,98.0,-1.7,-0.2,1.07,GOOD
1790983987031,192,2029.0,-107.86859252197999,32000.0,80.5,98.0,-1.7,-0.2,1.07,GOOD
1790983987031,193,2022.0,-111.26263070239378,32000.0,80.5,98.0,-1.7,-0.2,1.07,GOOD
1790983987031,194,2025.0,-115.18335838389979,32000.0,80.5,98.0,-1.7,-0.2,1.07,GOOD
1790983987031,195,2016.0,-114.5446797002103,32000.0,80.5,98.0,-1.7,-0.2,1.07,GOOD
1790983987031,196,2037.0,-105.2410964656401,32000.0,80.5,98.0,-1.7,-0.2,1.07,GOOD
1790983987031,197,2028.0,-92.89813609163885,32000.0,80.5,98.0,-1.7,-0.2,1.07,GOOD
1790983987031,198,2040.0,-87.59391328964855,32000.0,80.5,98.0,-1.7,-0.2,1.07,GOOD
1790983987031,199,2045.0,-90.21160888586613,32000.0,80.5,98.0,-1.7,-0.2,1.07,GOOD
1790983987031,200,1972.0,-93.51380282994357,32000.0,80.5,98.0,-1.7,-0.2,1.07,GOOD
1790983987115,201,1971.0,-97.37109628804386,32000.0,80.5,98.0,-1.7,-0.3,1.09,GOOD
1790983987115,202,1962.0,-108.45715303222337,32000.0,80.5,98.0,-1.7,-0.3,1.09,GOOD
1790983987115,203,1967.0,-128.13484737873546,32000.0,80.5,98.0,-1.7,-0.3,1.09,GOOD
1790983987115,204,1884.0,-152.17606987167676,32000.0,80.5,98.0,-1.7,-0.3,1.09,GOOD
1790983987115,205,1906.0,-175.67822454328893,32000.0,80.5,98.0,-1.7,-0.3,1.09,GOOD
1790983987115,206,1898.0,-192.38775127793036,32000.0,80.5,98.0,-1.7,-0.3,1.09,GOOD
1790983987115,207,1891.0,-199.90572780797746,32000.0,80.5,98.0,-1.7,-0.3,1.09,GOOD
1790983987115,208,1890.0,-204.54182454707615,32000.0,80.5,98.0,-1.7,-0.3,1.09,GOOD
1790983987115,209,1900.0,-210.1344772251166,32000.0,80.5,98.0,-1.7,-0.3,1.09,GOOD
1790983987115,210,1902.0,-210.91836955835106,32000.0,80.5,98.0,-1.7,-0.3,1.09,GOOD
1790983987115,211,1892.0,-202.47334729862467,32000.0,80.5,98.0,-1.7,-0.3,1.09,GOOD
1790983987115,212,1906.0,-190.3786607610537,32000.0,80.5,98.0,-1.7,-0.3,1.09,GOOD
1790983987115,213,1896.0,-183.3085669927578,32000.0,80.5,98.0,-1.7,-0.3,1.09,GOOD
1790983987115,214,1907.0,-182.94458415750705,32000.0,80.5,98.0,-1.7,-0.3,1.09,GOOD
1790983987115,215,1910.0,-182.955263833593,32000.0,80.5,98.0,-1.7,-0.3,1.09,GOOD
1790983987115,216,2033.0,-172.3283423377556,32000.0,80.5,98.0,-1.7,-0.3,1.09,GOOD
1790983987115,217,2017.0,-142.7229784820155,32000.0,80.5,98.0,-1.7,-0.3,1.09,GOOD
1790983987115,218,2024.0,-101.36755241193342,32000.0,80.5,98.0,-1.7,-0.3,1.09,GOOD
1790983987115,219,2030.0,-65.61948066648233,32000.0,80.5,98.0,-1.7,-0.3,1.09,GOOD
1790983987115,220,1989.0,-44.89556006234833,32000.0,80.5,98.0,-1.7,-0.3,1.09,GOOD
1790983987115,221,1984.0,-41.03520550614099,32000.0,80.5,98.0,-1.7,-0.3,1.09,GOOD
1790983987115,222,1974.0,-52.81690334667127,32000.0,80.5,98.0,-1.7,-0.3,1.09,GOOD
1790983987115,223,1980.0,-73.108425193476,32000.0,80.5,98.0,-1.7,-0.3,1.09,GOOD
1790983987115,224,1905.0,-93.53965672442108,32000.0,80.5,98.0,-1.7,-0.3,1.09,GOOD
1790983987115,225,1915.0,-111.80940033319241,32000.0,80.5,98.0,-1.7,-0.3,1.09,GOOD
1790983987274,226,1932.0,-126.94929411855178,32000.0,80.5,98.0,-1.7,-0.3,1.08,GOOD
1790983987274,227,1923.0,-135.8161396189633,32000.0,80.5,98.0,-1.7,-0.3,1.08,GOOD
1790983987274,228,1866.0,-141.23837929001598,32000.0,80.5,98.0,-1.7,-0.3,1.08,GOOD
1790983987274,229,1891.0,-149.62164904405074,32000.0,80.5,98.0,-1.7,-0.3,1.08,GOOD
1790983987274,230,1898.0,-158.24850644557915,32000.0,80.5,98.0,-1.7,-0.3,1.08,GOOD
1790983987274,231,1882.0,-160.52836786008345,32000.0,80.5,98.0,-1.7,-0.3,1.08,GOOD
1790983987274,232,1945.0,-156.46540392511275,32000.0,80.5,98.0,-1.7,-0.3,1.08,GOOD
1790983987274,233,1929.0,-146.75294034668065,32000.0,80.5,98.0,-1.7,-0.3,1.08,GOOD
1790983987274,234,1948.0,-130.76533387282672,32000.0,80.5,98.0,-1.7,-0.3,1.08,GOOD
1790983987274,235,1946.0,-111.25675971983183,32000.0,80.5,98.0,-1.7,-0.3,1.08,GOOD
1790983987274,236,2022.0,-90.78228069364526,32000.0,80.5,98.0,-1.7,-0.3,1.08,GOOD
1790983987274,237,2007.0,-68.97639353356112,32000.0,80.5,98.0,-1.7,-0.3,1.08,GOOD
1790983987274,238,2010.0,-47.85250578410783,32000.0,80.5,98.0,-1.7,-0.3,1.08,GOOD
1790983987274,239,2033.0,-30.740094347779884,32000.0,80.5,98.0,-1.7,-0.3,1.08,GOOD
1790983987274,240,2066.0,-15.03510792734971,32000.0,80.5,98.0,-1.7,-0.3,1.08,GOOD
1790983987274,241,2047.0,2.0301336482661605,32000.0,80.5,98.0,-1.7,-0.3,1.08,GOOD
1790983987274,242,2031.0,14.55880029093684,32000.0,80.5,98.0,-1.7,-0.3,1.08,GOOD
1790983987274,243,2047.0,16.598470184474316,32000.0,80.5,98.0,-1.7,-0.3,1.08,GOOD
1790983987274,244,1993.0,10.747981378616602,32000.0,80.5,98.0,-1.7,-0.3,1.08,GOOD
1790983987274,245,2006.0,0.6756589992471991,32000.0,80.5,98.0,-1.7,-0.3,1.08,GOOD
1790983987274,246,1987.0,-12.809277838716199,32000.0,80.5,98.0,-1.7,-0.3,1.08,GOOD
1790983987274,247,1937.0,-29.849618458590747,32000.0,80.5,98.0,-1.7,-0.3,1.08,GOOD
1790983987274,248,1934.0,-51.12881084187649,32000.0,80.5,98.0,-1.7,-0.3,1.08,GOOD
1790983987274,249,1951.0,-72.00283071593478,32000.0,80.5,98.0,-1.7,-0.3,1.08,GOOD
1790983987274,250,1955.0,-83.75050323468332,32000.0,80.5,98.0,-1.7,-0.3,1.08,GOOD
1790983987377,251,1926.0,-85.61303001722345,32000.0,80.5,98.0,-1.7,-0.3,1.08,GOOD
1790983987377,252,1897.0,-86.64806650290856,32000.0,80.5,98.0,-1.7,-0.3,1.08,GOOD
1790983987377,253,1902.0,-93.52550043760846,32000.0,80.5,98.0,-1.7,-0.3,1.08,GOOD
1790983987377,254,1918.0,-102.68553449802106,32000.0,80.5,98.0,-1.7,-0.3,1.08,GOOD
1790983987377,255,2061.0,-101.8748018362165,32000.0,80.5,98.0,-1.7,-0.3,1.08,GOOD
1790983987377,256,2041.0,-78.54080338776981,32000.0,80.5,98.0,-1.7,-0.3,1.08,GOOD
1790983987377,257,2033.0,-36.544445432620336,32000.0,80.5,98.0,-1.7,-0.3,1.08,GOOD
1790983987377,258,2038.0,5.222448264602935,32000.0,80.5,98.0,-1.7,-0.3,1.08,GOOD
1790983987377,259,2082.0,34.85560737945875,32000.0,80.5,98.0,-1.7,-0.3,1.08,GOOD
1790983987377,260,2083.0,52.1746808475194,32000.0,80.5,98.0,-1.7,-0.3,1.08,GOOD
1790983987377,261,2062.0,58.002910456397046,32000.0,80.5,98.0,-1.7,-0.3,1.08,GOOD
1790983987377,262,2061.0,54.02656520673349,32000.0,80.5,98.0,-1.7,-0.3,1.08,GOOD
1790983987377,263,1986.0,45.269675783515844,32000.0,80.5,98.0,-1.7,-0.3,1.08,GOOD
1790983987377,264,2013.0,33.3255979458991,32000.0,80.5,98.0,-1.7,-0.3,1.08,GOOD
1790983987377,265,2010.0,16.88285478279616,32000.0,80.5,98.0,-1.7,-0.3,1.08,GOOD
1790983987377,266,1998.0,-2.3035442039840914,32000.0,80.5,98.0,-1.7,-0.3,1.08,GOOD
1790983987377,267,1956.0,-20.672049852946735,32000.0,80.5,98.0,-1.7,-0.3,1.08,GOOD
1790983987377,268,1966.0,-34.01321624333151,32000.0,80.5,98.0,-1.7,-0.3,1.08,GOOD
1790983987377,269,1991.0,-38.37030695813671,32000.0,80.5,98.0,-1.7,-0.3,1.08,GOOD
1790983987377,270,1981.0,-35.5941120771425,32000.0,80.5,98.0,-1.7,-0.3,1.08,GOOD
1790983987377,271,1977.0,-34.01033451196014,32000.0,80.5,98.0,-1.7,-0.3,1.08,GOOD
1790983987377,272,1960.0,-37.57070768869101,32000.0,80.5,98.0,-1.7,-0.3,1.08,GOOD
1790983987377,273,1967.0,-40.711994888033246,32000.0,80.5,98.0,-1.7,-0.3,1.08,GOOD
1790983987377,274,1954.0,-39.04270636332296,32000.0,80.5,98.0,-1.7,-0.3,1.08,GOOD
1790983987377,275,2058.0,-33.91648702332234,32000.0,80.5,98.0,-1.7,-0.3,1.08,GOOD
1790983987481,276,2031.0,-24.226348307885967,32000.0,82.0,98.0,-1.8,-0.4,1.08,GOOD
1790983987481,277,2032.0,-8.098506013894166,32000.0,82.0,98.0,-1.8,-0.4,1.08,GOOD
1790983987481,278,2038.0,12.124360102532751,32000.0,82.0,98.0,-1.8,-0.4,1.08,GOOD
1790983987481,279,2128.0,35.414853163738734,32000.0,82.0,98.0,-1.8,-0.4,1.08,GOOD
1790983987481,280,2121.0,61.45849164341127,32000.0,82.0,98.0,-1.8,-0.4,1.08,GOOD
1790983987481,281,2111.0,83.56770553660947,32000.0,82.0,98.0,-1.8,-0.4,1.08,GOOD
1790983987481,282,2123.0,95.97058492999366,32000.0,82.0,98.0,-1.8,-0.4,1.08,GOOD
1790983987481,283,2058.0,101.50435551854642,32000.0,82.0,98.0,-1.8,-0.4,1.08,GOOD
1790983987481,284,2065.0,100.2257681978046,32000.0,82.0,98.0,-1.8,-0.4,1.08,GOOD
1790983987481,285,2052.0,86.28891446626444,32000.0,82.0,98.0,-1.8,-0.4,1.08,GOOD
1790983987481,286,2032.0,59.705318252648624,32000.0,82.0,98.0,-1.8,-0.4,1.08,GOOD
1790983987481,287,1930.0,26.697216038519176,32000.0,82.0,98.0,-1.8,-0.4,1.08,GOOD
1790983987481,288,1953.0,-6.569914481322196,32000.0,82.0,98.0,-1.8,-0.4,1.08,GOOD
1790983987481,289,1969.0,-33.04297155459061,32000.0,82.0,98.0,-1.8,-0.4,1.08,GOOD
1790983987481,290,1965.0,-48.684378183849766,32000.0,82.0,98.0,-1.8,-0.4,1.08,GOOD
1790983987481,291,1902.0,-59.820389482459504,32000.0,82.0,98.0,-1.8,-0.4,1.08,GOOD
1790983987481,292,1914.0,-73.49668511235828,32000.0,82.0,98.0,-1.8,-0.4,1.08,GOOD
1790983987481,293,1925.0,-84.33371836170338,32000.0,82.0,98.0,-1.8,-0.4,1.08,GOOD
1790983987481,294,1927.0,-84.74967153264245,32000.0,82.0,98.0,-1.8,-0.4,1.08,GOOD
1790983987481,295,2015.0,-76.74699355708712,32000.0,82.0,98.0,-1.8,-0.4,1.08,GOOD
1790983987481,296,1991.0,-63.024916733498095,32000.0,82.0,98.0,-1.8,-0.4,1.08,GOOD
1790983987481,297,1994.0,-43.2522019783326,32000.0,82.0,98.0,-1.8,-0.4,1.08,GOOD
1790983987481,298,1997.0,-19.64492876262484,32000.0,82.0,98.0,-1.8,-0.4,1.08,GOOD
1790983987481,299,2126.0,6.5966408790653075,32000.0,82.0,98.0,-1.8,-0.4,1.08,GOOD
1790983987481,300,2113.0,36.83450206675605,32000.0,82.0,98.0,-1.8,-0.4,1.08,GOOD
1790983987569,301,2112.0,66.70140789140933,32000.0,82.0,98.0,-1.7,-0.3,1.08,GOOD
1790983987569,302,2126.0,90.1573432630706,32000.0,82.0,98.0,-1.7,-0.3,1.08,GOOD
1790983987569,303,2709.0,132.56148884399704,32000.0,82.0,98.0,-1.7,-0.3,1.08,GOOD
1790983987569,304,2726.0,246.5751367986472,32000.0,82.0,98.0,-1.7,-0.3,1.08,GOOD
1790983987569,305,2741.0,428.42628766099836,32000.0,82.0,98.0,-1.7,-0.3,1.08,GOOD
1790983987569,306,2767.0,603.5996037836115,32000.0,82.0,98.0,-1.7,-0.3,1.08,GOOD
1790983987569,307,2179.0,694.5088614976336,32000.0,82.0,98.0,-1.7,-0.3,1.08,GOOD
1790983987569,308,2144.0,643.470437358766,32000.0,82.0,98.0,-1.7,-0.3,1.08,GOOD
1790983987569,309,2091.0,454.33064486741915,32000.0,82.0,98.0,-1.7,-0.3,1.08,GOOD
1790983987569,310,2056.0,213.41685629583668,32000.0,82.0,98.0,-1.7,-0.3,1.08,GOOD
1790983987569,311,1647.0,2.249428904277144,32000.0,82.0,98.0,-1.7,-0.3,1.08,GOOD
1790983987569,312,1686.0,-159.19348624362382,32000.0,82.0,98.0,-1.7,-0.3,1.08,GOOD
1790983987569,313,1683.0,-270.9141480121375,32000.0,82.0,98.0,-1.7,-0.3,1.08,GOOD
1790983987569,314,1646.0,-334.80762958273533,32000.0,82.0,98.0,-1.7,-0.3,1.08,GOOD
1790983987569,315,2021.0,-359.89866584468336,32000.0,82.0,98.0,-1.7,-0.3,1.08,GOOD
1790983987569,316,2045.0,-329.1708855450016,32000.0,82.0,98.0,-1.7,-0.3,1.08,GOOD
1790983987569,317,2084.0,-222.48009882760397,32000.0,82.0,98.0,-1.7,-0.3,1.08,GOOD
1790983987569,318,2078.0,-72.12602572209616,32000.0,82.0,98.0,-1.7,-0.3,1.08,GOOD
1790983987569,319,2037.0,52.463419862209896,32000.0,82.0,98.0,-1.7,-0.3,1.08,GOOD
1790983987569,320,2000.0,95.16656995733726,32000.0,82.0,98.0,-1.7,-0.3,1.08,GOOD
1790983987569,321,2015.0,55.638403168269235,32000.0,82.0,98.0,-1.7,-0.3,1.08,GOOD
1790983987569,322,2040.0,-8.448455623001294,32000.0,82.0,98.0,-1.7,-0.3,1.08,GOOD
1790983987569,323,2086.0,-35.269423066731136,32000.0,82.0,98.0,-1.7,-0.3,1.08,GOOD
1790983987569,324,2052.0,-14.244254904160734,32000.0,82.0,98.0,-1.7,-0.3,1.08,GOOD
1790983987569,325,2034.0,16.19682420205781,32000.0,82.0,98.0,-1.7,-0.3,1.08,GOOD
1790983987678,326,2060.0,22.859831615678416,32000.0,82.0,98.0,-1.7,-0.3,1.08,GOOD
1790983987678,327,2071.0,14.350416907141875,32000.0,82.0,98.0,-1.7,-0.3,1.08,GOOD
1790983987678,328,2078.0,16.07451947689951,32000.0,82.0,98.0,-1.7,-0.3,1.08,GOOD
1790983987678,329,2052.0,30.192546714069326,32000.0,82.0,98.0,-1.7,-0.3,1.08,GOOD
1790983987678,330,2038.0,36.55330382136461,32000.0,82.0,98.0,-1.7,-0.3,1.08,GOOD
1790983987678,331,2059.0,24.764244903777357,32000.0,82.0,98.0,-1.7,-0.3,1.08,GOOD
1790983987678,332,2095.0,10.58923235761706,32000.0,82.0,98.0,-1.7,-0.3,1.08,GOOD
1790983987678,333,2092.0,14.44152539960994,32000.0,82.0,98.0,-1.7,-0.3,1.08,GOOD
1790983987678,334,2065.0,33.09712691007168,32000.0,82.0,98.0,-1.7,-0.3,1.08,GOOD
1790983987678,335,2015.0,43.412156073043164,32000.0,82.0,98.0,-1.7,-0.3,1.08,GOOD
1790983987678,336,2036.0,31.46735228791599,32000.0,82.0,98.0,-1.7,-0.3,1.08,GOOD
1790983987678,337,2060.0,9.284235803796747,32000.0,82.0,98.0,-1.7,-0.3,1.08,GOOD
1790983987678,338,2059.0,-2.407820116192488,32000.0,82.0,98.0,-1.7,-0.3,1.08,GOOD
1790983987678,339,2167.0,5.065473952138798,32000.0,82.0,98.0,-1.7,-0.3,1.08,GOOD
1790983987678,340,2139.0,30.212173333257454,32000.0,82.0,98.0,-1.7,-0.3,1.08,GOOD
1790983987678,341,2157.0,64.3223466054969,32000.0,82.0,98.0,-1.7,-0.3,1.08,GOOD
1790983987678,342,2174.0,95.6858510365368,32000.0,82.0,98.0,-1.7,-0.3,1.08,GOOD
1790983987678,343,2267.0,121.93139059868443,32000.0,82.0,98.0,-1.7,-0.3,1.08,GOOD
1790983987678,344,2226.0,146.98243789516283,32000.0,82.0,98.0,-1.7,-0.3,1.08,GOOD
1790983987678,345,2221.0,167.04879829769715,32000.0,82.0,98.0,-1.7,-0.3,1.08,GOOD
1790983987678,346,2246.0,176.4466154404035,32000.0,82.0,98.0,-1.7,-0.3,1.08,GOOD
1790983987678,347,2258.0,180.25654410632382,32000.0,82.0,98.0,-1.7,-0.3,1.08,GOOD
1790983987678,348,2260.0,184.93117151817682,32000.0,82.0,98.0,-1.7,-0.3,1.08,GOOD
1790983987678,349,2232.0,187.26631545708872,32000.0,82.0,98.0,-1.7,-0.3,1.08,GOOD
1790983987678,350,2230.0,181.85379298493058,32000.0,82.0,98.0,-1.7,-0.3,1.08,GOOD
1790983987765,351,2300.0,173.93176642285442,32000.0,82.0,98.0,-1.7,-0.3,1.08,GOOD
1790983987765,352,2336.0,177.7264908926714,32000.0,82.0,98.0,-1.7,-0.3,1.08,GOOD
1790983987765,353,2339.0,198.0517460797218,32000.0,82.0,98.0,-1.7,-0.3,1.08,GOOD
1790983987765,354,2327.0,223.13709207004496,32000.0,82.0,98.0,-1.7,-0.3,1.08,GOOD
1790983987765,355,2275.0,237.98307629167397,32000.0,82.0,98.0,-1.7,-0.3,1.08,GOOD
1790983987765,356,2297.0,236.31663526819156,32000.0,82.0,98.0,-1.7,-0.3,1.08,GOOD
1790983987765,357,2318.0,223.04009471771928,32000.0,82.0,98.0,-1.7,-0.3,1.08,GOOD
1790983987765,358,2306.0,207.2586039944672,32000.0,82.0,98.0,-1.7,-0.3,1.08,GOOD
1790983987765,359,2345.0,195.69767255960718,32000.0,82.0,98.0,-1.7,-0.3,1.08,GOOD
1790983987765,360,2299.0,193.56421003074098,32000.0,82.0,98.0,-1.7,-0.3,1.08,GOOD
1790983987765,361,2297.0,199.19052381007566,32000.0,82.0,98.0,-1.7,-0.3,1.08,GOOD
1790983987765,362,2307.0,202.3678345274,32000.0,82.0,98.0,-1.7,-0.3,1.08,GOOD
1790983987765,363,2229.0,192.60673715956102,32000.0,82.0,98.0,-1.7,-0.3,1.08,GOOD
1790983987765,364,2189.0,163.85198450216063,32000.0,82.0,98.0,-1.7,-0.3,1.08,GOOD
1790983987765,365,2165.0,121.04524890635011,32000.0,82.0,98.0,-1.7,-0.3,1.08,GOOD
1790983987765,366,2175.0,79.90282945934567,32000.0,82.0,98.0,-1.7,-0.3,1.08,GOOD
1790983987765,367,2118.0,49.41549651569298,32000.0,82.0,98.0,-1.7,-0.3,1.08,GOOD
1790983987765,368,2116.0,23.45449120907606,32000.0,82.0,98.0,-1.7,-0.3,1.08,GOOD
1790983987765,369,2090.0,-3.5764251928580877,32000.0,82.0,98.0,-1.7,-0.3,1.08,GOOD
1790983987765,370,2077.0,-26.562316693378342,32000.0,82.0,98.0,-1.7,-0.3,1.08,GOOD
1790983987765,371,2028.0,-42.107292588173536,32000.0,82.0,98.0,-1.7,-0.3,1.08,GOOD
1790983987765,372,2056.0,-56.42568657795485,32000.0,82.0,98.0,-1.7,-0.3,1.08,GOOD
1790983987765,373,2047.0,-74.04304138337625,32000.0,82.0,98.0,-1.7,-0.3,1.08,GOOD
1790983987765,374,2030.0,-90.68205056103821,32000.0,82.0,98.0,-1.7,-0.3,1.08,GOOD
1790983987765,375,1878.0,-105.8248552279043,32000.0,82.0,98.0,-1.7,-0.3,1.08,GOOD
1790983987876,376,1905.0,-129.76976824011103,32000.0,82.0,98.0,-1.7,-0.2,1.08,GOOD
1790983987876,377,1921.0,-165.48823417944593,32000.0,82.0,98.0,-1.7,-0.2,1.08,GOOD
1790983987876,378,1914.0,-200.84602771388717,32000.0,82.0,98.0,-1.7,-0.2,1.08,GOOD
1790983987876,379,1942.0,-222.70737580173687,32000.0,82.0,98.0,-1.7,-0.2,1.08,GOOD
1790983987876,380,1926.0,-223.19336522813146,32000.0,82.0,98.0,-1.7,-0.2,1.08,GOOD
1790983987876,381,1938.0,-203.81907124658295,32000.0,82.0,98.0,-1.7,-0.2,1.08,GOOD
1790983987876,382,1942.0,-178.77390966521125,32000.0,82.0,98.0,-1.7,-0.2,1.08,GOOD
1790983987876,383,1980.0,-162.79862208923942,32000.0,82.0,98.0,-1.7,-0.2,1.08,GOOD
1790983987876,384,1948.0,-157.93493793828947,32000.0,82.0,98.0,-1.7,-0.2,1.08,GOOD
1790983987876,385,1942.0,-156.6906059867158,32000.0,82.0,98.0,-1.7,-0.2,1.08,GOOD
1790983987876,386,1948.0,-152.69917877482067,32000.0,82.0,98.0,-1.7,-0.2,1.08,GOOD
1790983987876,387,2021.0,-143.79326336380808,32000.0,82.0,98.0,-1.7,-0.2,1.08,GOOD
1790983987876,388,2020.0,-130.16637701593635,32000.0,82.0,98.0,-1.7,-0.2,1.08,GOOD
1790983987876,389,1996.0,-114.96519251141892,32000.0,82.0,98.0,-1.7,-0.2,1.08,GOOD
1790983987876,390,2007.0,-101.32307309046668,32000.0,82.0,98.0,-1.7,-0.2,1.08,GOOD
1790983987876,391,1983.0,-89.18595284840954,32000.0,82.0,98.0,-1.7,-0.2,1.08,GOOD
1790983987876,392,1998.0,-81.71601792102902,32000.0,82.0,98.0,-1.7,-0.2,1.08,GOOD
1790983987876,393,1990.0,-85.10296587533384,32000.0,82.0,98.0,-1.7,-0.2,1.08,GOOD
1790983987876,394,1986.0,-97.73502871687822,32000.0,82.0,98.0,-1.7,-0.2,1.08,GOOD
1790983987876,395,1864.0,-113.15163087656089,32000.0,82.0,98.0,-1.7,-0.2,1.08,GOOD
1790983987876,396,1884.0,-131.73368975222166,32000.0,82.0,98.0,-1.7,-0.2,1.08,GOOD
1790983987876,397,1894.0,-155.2262996759174,32000.0,82.0,98.0,-1.7,-0.2,1.08,GOOD
1790983987876,398,1886.0,-179.53525878030183,32000.0,82.0,98.0,-1.7,-0.2,1.08,GOOD
1790983987876,399,1895.0,-198.69904818116635,32000.0,82.0,98.0,-1.7,-0.2,1.08,GOOD
1790983987876,400,1915.0,-204.12175428621066,32000.0,82.0,98.0,-1.7,-0.2,1.08,GOOD
1790983987979,401,1941.0,-188.49954768875,32000.0,82.0,98.0,-1.7,-0.3,1.08,GOOD
1790983987979,402,1942.0,-158.30468515820257,32000.0,82.0,98.0,-1.7,-0.3,1.08,GOOD
1790983987979,403,1987.0,-130.36681247305052,32000.0,82.0,98.0,-1.7,-0.3,1.08,GOOD
1790983987979,404,1958.0,-113.6729794521165,32000.0,82.0,98.0,-1.7,-0.3,1.08,GOOD
1790983987979,405,1952.0,-104.86841341197689,32000.0,82.0,98.0,-1.7,-0.3,1.08,GOOD
1790983987979,406,1953.0,-98.30131747209873,32000.0,82.0,98.0,-1.7,-0.3,1.08,GOOD
1790983987979,407,2064.0,-89.10412232843302,32000.0,82.0,98.0,-1.7,-0.3,1.08,GOOD
1790983987979,408,2045.0,-72.60467035654213,32000.0,82.0,98.0,-1.7,-0.3,1.08,GOOD
1790983987979,409,2030.0,-51.15840857959917,32000.0,82.0,98.0,-1.7,-0.3,1.08,GOOD
1790983987979,410,2040.0,-31.622008333096407,32000.0,82.0,98.0,-1.7,-0.3,1.08,GOOD
1790983987979,411,2003.0,-16.834188127843767,32000.0,82.0,98.0,-1.7,-0.3,1.08,GOOD
1790983987979,412,2010.0,-11.31886738042152,32000.0,82.0,98.0,-1.7,-0.3,1.08,GOOD
1790983987979,413,1995.0,-21.24885335038847,32000.0,82.0,98.0,-1.7,-0.3,1.08,GOOD
1790983987979,414,1996.0,-42.713336628284054,32000.0,82.0,98.0,-1.7,-0.3,1.08,GOOD
1790983987979,415,1896.0,-65.01309750143821,32000.0,82.0,98.0,-1.7,-0.3,1.08,GOOD
1790983987979,416,1920.0,-84.20961716160159,32000.0,82.0,98.0,-1.7,-0.3,1.08,GOOD
1790983987979,417,1917.0,-101.93211441797767,32000.0,82.0,98.0,-1.7,-0.3,1.08,GOOD
1790983987979,418,1906.0,-119.21974434064168,32000.0,82.0,98.0,-1.7,-0.3,1.08,GOOD
1790983987979,419,1906.0,-135.58097387272568,32000.0,82.0,98.0,-1.7,-0.3,1.08,GOOD
1790983987979,420,1925.0,-144.51820362793043,32000.0,82.0,98.0,-1.7,-0.3,1.08,GOOD
1790983987979,421,1943.0,-137.40597677814924,32000.0,82.0,98.0,-1.7,-0.3,1.08,GOOD
1790983987979,422,1947.0,-116.873915264977,32000.0,82.0,98.0,-1.7,-0.3,1.08,GOOD
1790983987979,423,1994.0,-95.23229815728892,32000.0,82.0,98.0,-1.7,-0.3,1.08,GOOD
1790983987979,424,1974.0,-79.17965156012673,32000.0,82.0,98.0,-1.7,-0.3,1.08,GOOD
1790983987979,425,1983.0,-66.33201824421744,32000.0,82.0,98.0,-1.7,-0.3,1.08,GOOD
1790983988055,426,1985.0,-53.31394027592836,32000.0,82.0,98.0,-1.7,-0.3,1.08,GOOD
1790983988055,427,2034.0,-39.66172841210687,32000.0,82.0,98.0,-1.7,-0.3,1.08,GOOD
1790983988055,428,2011.0,-27.58354813184311,32000.0,82.0,98.0,-1.7,-0.3,1.08,GOOD
1790983988055,429,2011.0,-20.402096269280662,32000.0,82.0,98.0,-1.7,-0.3,1.08,GOOD
1790983988055,430,2025.0,-16.979481457679768,32000.0,82.0,98.0,-1.7,-0.3,1.08,GOOD
1790983988055,431,2045.0,-10.506712029476523,32000.0,82.0,98.0,-1.7,-0.3,1.08,GOOD
1790983988055,432,2051.0,1.5949935445088412,32000.0,82.0,98.0,-1.7,-0.3,1.08,GOOD
1790983988055,433,2038.0,12.753970732546998,32000.0,82.0,98.0,-1.7,-0.3,1.08,GOOD
1790983988055,434,2034.0,16.275862579843157,32000.0,82.0,98.0,-1.7,-0.3,1.08,GOOD
1790983988055,435,1948.0,10.675287555741168,32000.0,82.0,98.0,-1.7,-0.3,1.08,GOOD
1790983988055,436,1979.0,-4.156383609723417,32000.0,82.0,98.0,-1.7,-0.3,1.08,GOOD
1790983988055,437,1974.0,-24.855558751744056,32000.0,82.0,98.0,-1.7,-0.3,1.08,GOOD
1790983988055,438,1956.0,-45.00421307488748,32000.0,82.0,98.0,-1.7,-0.3,1.08,GOOD
1790983988055,439,1915.0,-62.5395478465134,32000.0,82.0,98.0,-1.7,-0.3,1.08,GOOD
1790983988055,440,1934.0,-76.94969472425322,32000.0,82.0,98.0,-1.7,-0.3,1.08,GOOD
1790983988055,441,1942.0,-84.16648578521253,32000.0,82.0,98.0,-1.7,-0.3,1.08,GOOD
1790983988055,442,1943.0,-83.00475687383661,32000.0,82.0,98.0,-1.7,-0.3,1.08,GOOD
1790983988055,443,1956.0,-78.70987715723015,32000.0,82.0,98.0,-1.7,-0.3,1.08,GOOD
1790983988055,444,1944.0,-74.84900352526088,32000.0,82.0,98.0,-1.7,-0.3,1.08,GOOD
1790983988055,445,1950.0,-69.8117731540633,32000.0,82.0,98.0,-1.7,-0.3,1.08,GOOD
1790983988055,446,1955.0,-62.258182631596746,32000.0,82.0,98.0,-1.7,-0.3,1.08,GOOD
1790983988055,447,2046.0,-51.375911789368935,32000.0,82.0,98.0,-1.7,-0.3,1.08,GOOD
1790983988055,448,2018.0,-34.56930666764818,32000.0,82.0,98.0,-1.7,-0.3,1.08,GOOD
1790983988055,449,2013.0,-13.782856300789366,32000.0,82.0,98.0,-1.7,-0.3,1.08,GOOD
1790983988055,450,2018.0,4.360797487827617,32000.0,82.0,98.0,-1.7,-0.3,1.08,GOOD
1790983988138,451,2051.0,17.869590719088865,32000.0,82.0,98.0,-1.6,-0.3,1.08,GOOD
1790983988138,452,2037.0,27.571149718041674,32000.0,82.0,98.0,-1.6,-0.3,1.08,GOOD
1790983988138,453,2026.0,30.849721925743665,32000.0,82.0,98.0,-1.6,-0.3,1.08,GOOD
1790983988138,454,2031.0,27.081583550066572,32000.0,82.0,98.0,-1.6,-0.3,1.08,GOOD
1790983988138,455,2019.0,22.361445052629083,32000.0,82.0,98.0,-1.6,-0.3,1.08,GOOD
1790983988138,456,2040.0,21.822341648526223,32000.0,82.0,98.0,-1.6,-0.3,1.08,GOOD
1790983988138,457,2038.0,24.03321276578944,32000.0,82.0,98.0,-1.6,-0.3,1.08,GOOD
1790983988138,458,2030.0,24.90666934709261,32000.0,82.0,98.0,-1.6,-0.3,1.08,GOOD
1790983988138,459,1967.0,20.948970932537094,32000.0,82.0,98.0,-1.6,-0.3,1.08,GOOD
1790983988138,460,1984.0,10.558189466297927,32000.0,82.0,98.0,-1.6,-0.3,1.08,GOOD
1790983988138,461,1990.0,-3.0455815241732864,32000.0,82.0,98.0,-1.6,-0.3,1.08,GOOD
1790983988138,462,1983.0,-14.9656232497848,32000.0,82.0,98.0,-1.6,-0.3,1.08,GOOD
1790983988138,463,1976.0,-24.259514961964566,32000.0,82.0,98.0,-1.6,-0.3,1.08,GOOD
1790983988138,464,1979.0,-30.13311590142505,32000.0,82.0,98.0,-1.6,-0.3,1.08,GOOD
1790983988138,465,1988.0,-29.26962723710622,32000.0,82.0,98.0,-1.6,-0.3,1.08,GOOD
1790983988138,466,1991.0,-21.91297815959135,32000.0,82.0,98.0,-1.6,-0.3,1.08,GOOD
1790983988138,467,2065.0,-11.485211736132673,32000.0,82.0,98.0,-1.6,-0.3,1.08,GOOD
1790983988138,468,2044.0,2.431876675534169,32000.0,82.0,98.0,-1.6,-0.3,1.08,GOOD
1790983988138,469,2048.0,20.497907112531593,32000.0,82.0,98.0,-1.6,-0.3,1.08,GOOD
1790983988138,470,2054.0,38.98378350188384,32000.0,82.0,98.0,-1.6,-0.3,1.08,GOOD
1790983988138,471,2134.0,56.25127768982493,32000.0,82.0,98.0,-1.6,-0.3,1.08,GOOD
1790983988138,472,2109.0,74.04049186477735,32000.0,82.0,98.0,-1.6,-0.3,1.08,GOOD
1790983988138,473,2086.0,88.94985459597072,32000.0,82.0,98.0,-1.6,-0.3,1.08,GOOD
1790983988138,474,2085.0,94.96329843199992,32000.0,82.0,98.0,-1.6,-0.3,1.08,GOOD
1790983988138,475,2008.0,90.5472604451766,32000.0,82.0,98.0,-1.6,-0.3,1.08,GOOD
